1;2;3;2300;SURF;SURF;FlannBased;SVM;86543;15;490.95;76.7;0.101084;572;472;6;35;4;55;572;8;549;9;2;4;572;11;11;546;1;3;572;23;7;5;530;7;571;50;8;36;4;473;
2-1-2.2.3.219.jpg
2-1-2.3.2.249.jpg
2-1-2.2.3.206.jpg
2-5-2.2.3.71.jpg
2-5-2.2.3.546.jpg
2-1-2.2.1.104.jpg
2-5-2.2.3.247.jpg
2-5-2.3.2.517.jpg
2-1-2.2.3.167.jpg
2-1-2.2.2.92.jpg
2-1-2.2.1.352.jpg
2-1-2.2.1.285.jpg
4-1-4.2.1.117.jpg
4-1-4.1.4.442.jpg
4-5-4.3.3.250.jpg
4-1-4.3.4.472.jpg
4-1-4.3.3.266.jpg
4-5-4.3.3.353.jpg
4-1-4.2.3.479.jpg
4-1-4.2.1.63.jpg
4-1-4.3.1.553.jpg
4-1-4.3.3.12.jpg
4-1-4.3.3.60.jpg
4-1-4.2.2.125.jpg
4-1-4.3.1.57.jpg
4-1-4.3.4.384.jpg
4-1-4.2.1.199.jpg
4-5-4.3.1.187.jpg
4-1-4.2.2.569.jpg
4-5-4.2.1.69.jpg
4-1-4.3.1.342.jpg
4-5-4.1.2.255.jpg
4-5-4.3.3.529.jpg
4-1-4.3.3.351.jpg
4-1-4.1.4.68.jpg
4-1-4.3.4.88.jpg
4-1-4.3.3.307.jpg
4-1-4.3.4.190.jpg
4-1-4.2.1.195.jpg
4-1-4.3.1.257.jpg
4-1-4.3.4.84.jpg
4-5-4.3.3.202.jpg
3-1-3.2.1.488.jpg
3-1-3.2.1.555.jpg
3-1-3.3.2.169.jpg
3-1-3.2.1.485.jpg
3-5-3.3.2.281.jpg
3-1-3.3.2.79.jpg
3-1-3.3.2.115.jpg
3-5-3.1.1.494.jpg
3-1-3.2.1.46.jpg
3-1-3.3.4.563.jpg
3-5-3.3.3.146.jpg
3-1-3.2.3.424.jpg
3-1-3.3.3.47.jpg
3-1-3.3.3.249.jpg
1-5-1.2.1.571.jpg
1-5-1.1.1.275.jpg
1-5-1.3.3.562.jpg
1-5-1.1.2.45.jpg
1-5-1.1.3.78.jpg
1-5-1.3.2.509.jpg
1-5-1.3.1.340.jpg
1-5-1.1.2.355.jpg
1-5-1.2.3.146.jpg
1-5-1.2.4.243.jpg
1-5-1.3.3.541.jpg
1-5-1.1.1.292.jpg
1-5-1.1.4.487.jpg
1-5-1.1.3.317.jpg
1-5-1.2.2.201.jpg
1-5-1.2.3.192.jpg
1-5-1.3.2.87.jpg
1-5-1.2.1.68.jpg
1-5-1.1.1.261.jpg
1-5-1.3.4.335.jpg
1-5-1.1.2.553.jpg
1-5-1.1.2.231.jpg
1-5-1.3.3.389.jpg
1-5-1.3.1.323.jpg
1-5-1.2.1.532.jpg
1-5-1.1.3.504.jpg
1-5-1.3.3.460.jpg
1-5-1.3.1.326.jpg
1-5-1.1.1.337.jpg
1-5-1.3.1.270.jpg
1-5-1.3.3.61.jpg
1-5-1.2.1.274.jpg
1-5-1.2.1.448.jpg
1-5-1.3.1.444.jpg
1-5-1.2.1.392.jpg
1-5-1.2.3.125.jpg
1-5-1.1.3.492.jpg
1-5-1.2.3.171.jpg
1-5-1.3.1.234.jpg
1-5-1.3.1.107.jpg
1-5-1.3.1.157.jpg
1-5-1.2.1.106.jpg
1-5-1.3.1.229.jpg
1-5-1.2.2.550.jpg
1-5-1.3.1.193.jpg
1-5-1.2.1.395.jpg
1-5-1.2.3.565.jpg
1-5-1.3.1.499.jpg
1-5-1.3.1.117.jpg
1-5-1.1.5.482.jpg
1-5-1.2.1.138.jpg
1-5-1.2.3.331.jpg
1-5-1.2.2.230.jpg
1-5-1.2.2.166.jpg
1-5-1.2.1.223.jpg
5-1-5.1.5.31.jpg
5-1-5.1.3.397.jpg
5-1-5.2.3.91.jpg
5-1-5.1.3.459.jpg
5-1-5.3.2.315.jpg
5-1-5.1.3.244.jpg
5-1-5.1.5.536.jpg
5-1-5.1.3.165.jpg
5-1-5.2.3.101.jpg
5-1-5.3.2.62.jpg
5-1-5.3.1.48.jpg
5-1-5.3.3.562.jpg
5-1-5.3.2.246.jpg
5-1-5.2.3.558.jpg
5-1-5.3.2.15.jpg
5-1-5.1.5.513.jpg
5-1-5.3.3.209.jpg
5-1-5.1.3.566.jpg
5-1-5.3.3.175.jpg
5-1-5.1.3.203.jpg
5-1-5.1.3.572.jpg
5-1-5.3.3.480.jpg
5-1-5.3.3.368.jpg
5-1-5.2.2.61.jpg
5-1-5.1.1.464.jpg
5-1-5.2.3.1.jpg
5-1-5.1.5.37.jpg
5-1-5.3.2.134.jpg
5-1-5.2.3.195.jpg
5-1-5.1.4.21.jpg
5-1-5.2.4.383.jpg
5-1-5.1.3.125.jpg
5-1-5.2.3.152.jpg
5-1-5.1.3.467.jpg
5-1-5.1.1.550.jpg
5-1-5.3.1.350.jpg
5-1-5.3.3.136.jpg
5-1-5.1.3.74.jpg
5-1-5.2.3.76.jpg
5-1-5.2.3.373.jpg
5-1-5.1.5.435.jpg
5-1-5.2.2.345.jpg
5-1-5.1.2.137.jpg
5-1-5.1.2.351.jpg
5-1-5.2.3.146.jpg
5-1-5.3.1.123.jpg
5-1-5.3.1.127.jpg
5-1-5.1.3.256.jpg
5-1-5.1.1.243.jpg
5-1-5.1.3.226.jpg
